;restaurant_id;name;num_people;date;time;phone
0;ChIJK4PtjPun_UYRRYuECz2jxWk;Zachary Miller;4;2025-02-10;18:30;862.539.9669
1;ChIJvybH-5IK_UYRfeQa5nqUcfA;Colton Lloyd;1;2025-02-23;10:45;267.243.8774x0120
2;ChIJR_4eirUL_UYRCEVs1GUPXdY;Mark Brown;3;2025-03-22;16:15;347-578-1534x717
3;ChIJoypSPaFz_UYRe_809t6YJOQ;Monica Geller;7;2025-03-27;15:30;731.479.8479x4270
4;ChIJOwSt0BCn_UYRaX4pwWzfdTE;Alexandra Jones;10;2025-03-24;17:15;001-210-716-5422x55059
5;ChIJYQc7flp1_UYRlAGsWHS4T44;Joseph Crawford;1;2025-03-21;13:30;(935)248-2230x94817
6;ChIJA-80xCCl_UYRO3nCtq476W4;Samuel Long;5;2025-03-05;20:45;(500)234-2382x9052
7;ChIJUQB_Faah_UYRGVSBuYdIMgY;Leah Davis;8;2025-03-19;15:15;946-793-9222x5231
8;ChIJk6rtQKR1_UYRRDZJz_pc7iY;Paul Brown;1;2025-02-28;11:00;203.482.7824
9;ChIJiUFLSV11_UYRNSX1hpA-HWY;Kathy Rivera;8;2025-02-05;15:30;264-794-2525x7855
10;ChIJV_e3zJ9z_UYRpYzNYZjZjFU;Bradley Reynolds;1;2025-02-09;14:45;941.309.9589x7167
11;ChIJl4jAawB1_UYRQV2kunhGEZs;Sarah Conway;5;2025-02-26;18:30;965.360.1114
12;ChIJk5aFr5UK_UYRgzWXf2Xn1tw;Taylor Weiss;9;2025-03-09;11:45;244.478.8313
13;ChIJbVK7kiSn_UYRIv2xNPTcNO8;Rachel Green;4;2025-03-27;20:30;659-973-6490
14;ChIJCbpmK1V1_UYReOcvIWIzvSU;Michael Chavez;1;2025-02-02;19:45;+1-871-393-8779x847
15;ChIJSa3R0_1z_UYR226xgjKdlU0;Dorothy Decker;9;2025-02-02;14:00;(601)925-5816
16;ChIJI4fVJ9cK_UYRFFPbdBi5YMQ;Matthew Wade;7;2025-02-10;14:15;(574)685-8007
17;ChIJh3IqNQ91_UYRonYLCCXI_YQ;Monica Geller;4;2025-02-10;15:45;321.385.7411x42719
18;ChIJ8R1cEg11_UYRDv9UPvUhLCQ;Leah Davis;6;2025-03-10;20:00;928-892-0731x7248
19;ChIJT5I4NpMK_UYRgrylszzJjtc;Laura Wright;10;2025-03-16;18:45;687-758-1755x3076
20;ChIJ49xztIAL_UYRhqH2PRMJqjc;April Pena;2;2025-02-19;12:15;(690)708-2673
21;ChIJsc4Fu2Wn_UYR3TgoG1K1Da0;Diamond Mitchell;6;2025-03-09;15:15;+1-933-714-6290x6216
22;ChIJ51JwIoF1_UYRWGO9QVnTFrQ;Leah Davis;5;2025-03-17;18:00;278-878-6792x69463
23;ChIJSUH9wpWg_UYRaFSxKt3BDFE;James Roberts;5;2025-02-17;11:15;+1-914-508-0929
24;ChIJacEg4I0K_UYRsiFqEaoSiI0;Rebecca Taylor;10;2025-03-11;20:00;+1-296-972-6537x13064
25;ChIJG-V7VSSn_UYRU9lNRyeMaKs;Joseph Crawford;7;2025-03-13;10:45;513-956-8816x366
26;ChIJu6picjmn_UYR413GLvRgtes;Dorothy Decker;1;2025-03-15;16:30;599.493.1592
27;ChIJ90grTyOn_UYRYV0USPJmPq4;Taylor Weiss;7;2025-03-21;16:45;+1-362-973-6301x66419
28;ChIJiz-Xp59z_UYRaY09KwqtzMs;Leah Davis;9;2025-03-08;15:15;700.850.6356
29;ChIJ4adcXmyn_UYRF8HwVIPrnHE;Christina Bryan;5;2025-03-03;11:30;+1-324-348-4567x02082
30;ChIJi3xO5pEK_UYRi7WRTEcz268;Frank Quinn;4;2025-02-13;17:45;794-438-6692x6376
31;ChIJe60-YKgL_UYR0ex0DT-yueU;Christina Rodgers;1;2025-03-09;10:15;962.224.4884
32;ChIJvW-Ek8B1_UYR6pN6y7EJQ4M;Joseph Dennis;2;2025-03-21;14:45;390.603.5130x4255
33;ChIJf3VHdkhz_UYRb85uLPt9Avg;Sarah Conway;6;2025-02-22;14:30;203-858-1471x529
34;ChIJ85Ne-5AK_UYRiexo_-nnSh8;Mark Brown;4;2025-03-18;20:15;744-225-5969x677
35;ChIJ07w_7sZ1_UYRJhfK1gDFuW4;Kevin Ross;6;2025-03-24;12:45;7314213587
36;ChIJK1KiT6sL_UYRg69JJLPhIwk;Mark Morton;10;2025-03-28;13:30;(962)452-3683x33246
37;ChIJQwLtSyEL_UYRu_qtN6mrhiE;Kaitlin Hall;10;2025-03-05;13:15;001-792-221-9668x1050
38;ChIJRyAgoJlz_UYRCCuTl6jvQlQ;Michael Anthony;7;2025-02-23;11:00;6318090319
39;ChIJ60zWk9un_UYRS9zs1wDjUkw;Bruce Young;7;2025-02-15;15:45;7148452351
40;ChIJkZ194oOn_UYR6kT5tDaIlP4;Mark Morton;4;2025-02-25;17:00;915.519.2913
41;ChIJwzKEOpUK_UYRM1QDyu-wtc8;Mark Morton;4;2025-02-10;12:00;001-204-254-3052x39819
42;ChIJtVrtnoGn_UYRkmgGJQV3vZQ;Christina Bryan;2;2025-02-10;10:15;001-801-954-7635x20410
43;ChIJh9tHDDCn_UYRSfQJFO84Wlw;Jacob Harris;4;2025-02-03;18:00;967-814-4976
44;ChIJ9e911dVz_UYR575GHjN4QhY;James Roberts;2;2025-03-15;10:00;+1-531-980-1378
45;ChIJyZSvMdBz_UYRnZsvtcO4CGE;Frank Quinn;1;2025-03-08;13:15;(461)746-5687
46;ChIJaS4rPySn_UYRI4_f33uOaoo;Kaitlin Hall;3;2025-02-12;19:45;391-475-7584x1657
47;ChIJbfT5r5QL_UYRh5rSdIdlrbQ;Victoria Kent;1;2025-02-09;20:00;(672)399-9180
48;ChIJSzoKvw8L_UYREPKj1GKdrbo;Gregory Khan;2;2025-02-11;18:45;001-546-510-8127x67063
49;ChIJR21-Y0oL_UYRnct9zfFMH9Y;Alison Jackson;10;2025-03-17;11:30;7504383808
50;ChIJ2-pAgsp1_UYREMkoTwnoiRo;Richard Hill;3;2025-02-17;14:30;(850)869-1188x8622
51;ChIJfUz7vyJz_UYRV-2CZL883bU;Lauren Sutton;2;2025-02-27;13:45;973.322.4820
52;ChIJRWwb9HZz_UYRHIAOApmzO4c;Jade Reed;9;2025-03-13;20:00;(833)232-2914
53;ChIJuczzhBWh_UYRe7y-SAwvAeY;Erica Ray;2;2025-02-24;14:15;(605)541-4582
54;ChIJ68RwCh5z_UYRKp8_LBO8fu4;Joseph Dennis;8;2025-03-17;12:45;(387)502-2128x5045
55;ChIJ188fbegK_UYRsRZ5k3FZ_-A;Victoria Kent;8;2025-02-10;12:15;589-339-0120x6928
56;ChIJpa9LHDan_UYRrE8VJTmZtFg;Sarah Conway;5;2025-02-05;15:45;001-569-774-9878x04904
57;ChIJZ1nibpIK_UYR1EtyjHHblmY;Kathy Rivera;2;2025-03-06;20:00;001-548-484-7567x03757
58;ChIJNbpCB6Bz_UYRe9NBAKT2V38;Amy Brown;6;2025-03-10;11:00;(408)425-9783
59;ChIJjRsBoy91_UYR8bf0UJODJz8;Rebecca Smith;7;2025-02-19;17:45;+1-346-997-3839x146
60;ChIJy0V-UtF1_UYRAUkwrC67Iwc;Jade Reed;8;2025-03-19;17:30;001-897-868-9470x981
61;ChIJp9ReZvAL_UYRh7Sq431INME;Rebecca Smith;3;2025-02-21;15:45;(633)942-4113
62;ChIJVUrSxA1z_UYRPt6YE4zGtjY;Steven White;8;2025-02-19;19:30;001-789-507-9416x13215
63;ChIJxwrrxrAL_UYRgTk96K2MUK0;Howard Taylor;8;2025-03-30;19:45;(915)879-7420x75142
64;ChIJy5XZ2LR1_UYR6M0IO0DTuvY;Samuel Long;6;2025-02-10;11:15;+1-366-677-7434x07204
65;ChIJHw2zYfGh_UYRAPJ9YNAqC38;Crystal Baker;7;2025-03-29;15:30;401.338.1003x4504
66;ChIJ1w58bQCn_UYRK84scHJ2H5w;Brian Gibson;4;2025-02-21;10:45;+1-670-991-7094x920
67;ChIJlXwZBzqh_UYRDfaGWPj5Qjw;Stacey Miller;2;2025-02-03;20:00;239-934-6521
68;ChIJn3TntDGn_UYRLybq0mTHaJ0;Bradley Reynolds;4;2025-02-02;19:30;(478)547-1788x219
69;ChIJAVOqkTGn_UYRWWQ5mM6TY_M;Colton Lloyd;10;2025-02-04;10:30;(326)588-6246x28528
70;ChIJYVwG8FkL_UYRODuHSC2ozvM;Samuel Long;1;2025-03-03;16:45;(268)334-8445x364
71;ChIJ1RQXZGtz_UYR7s7HS0ofYLQ;Kathy Rivera;5;2025-02-09;12:15;+1-680-432-8839
72;ChIJJ3FQYGtz_UYRe1aFpCjsNE4;Jodi Santiago;1;2025-03-03;20:15;+1-823-433-1780
73;ChIJnY-4lpqn_UYRfS1ClFCIeBU;Michael Anthony;3;2025-03-16;20:15;+1-623-684-9341x3163
74;ChIJ1aaDVc51_UYRqs_OT-kFbRk;George Armstrong;6;2025-03-11;19:15;478-931-4382
75;ChIJMfx_kSSn_UYRnMZ0QPDnpwk;Jacob Harris;7;2025-03-07;18:15;+1-763-401-6620x06580
76;ChIJc9riii1z_UYRY1LwezlxTpY;Matthew Wade;1;2025-02-21;13:00;001-460-271-6631
77;ChIJWY0icQB1_UYRtP20wOBmXoE;Rebecca Taylor;6;2025-03-27;15:30;958-280-4608x57668
78;ChIJFTB_E9R0_UYRlbwtVwE5Occ;Kelli Gonzalez;5;2025-03-06;18:30;7062164092
79;ChIJceX2dZmg_UYREfR5Dg9YEXw;Carol Jennings;10;2025-02-21;10:45;(375)344-8852
80;ChIJWT6NyQql_UYR2YEyXsr7F50;Melanie Dalton;7;2025-02-03;12:15;(524)905-2860
81;ChIJ7Ze0FTlz_UYRqTX5BipOWf4;Gregory Khan;10;2025-02-24;14:00;554.747.8478
82;ChIJhb7CPvNz_UYRT3eghNuSSBQ;Mark Morton;4;2025-03-23;13:15;9367320037
83;ChIJz-QrWlcL_UYRVkLgwQKP6hQ;Christina Rodgers;3;2025-03-06;10:15;293-580-7053x74481
84;ChIJvS9OjDNz_UYR8Y9DR6KReFQ;Johnny Chambers;10;2025-02-16;12:15;(734)334-5564x9685
85;ChIJg9B4hJqh_UYRU2e_T2Fnh28;Jacob Harris;9;2025-02-07;14:15;275.482.7865
86;ChIJj1qAuIKn_UYRF4Qvu4P3X7Y;Amanda Castillo;9;2025-03-23;13:15;+1-322-205-6619x80105
87;ChIJI6EOUqUL_UYR7meBpAQViwM;Monica Geller;1;2025-02-25;13:30;244.258.6513
88;ChIJDaOJZLJz_UYRhq97y392BSE;Leah Davis;8;2025-02-09;10:45;815.297.5713
89;ChIJYQmQ0qBz_UYR0c38CABcQBQ;Jacob Wilson;9;2025-02-16;14:15;(927)838-8602x151
90;ChIJ-zxRgCV1_UYRwc1w2WONNOo;Kevin Jones;9;2025-02-07;11:45;974.884.9533x8843
91;ChIJY2w3Hct1_UYRX_fuJu46q40;Amanda Castillo;1;2025-03-10;19:30;+1-856-433-3695
92;ChIJg2MF8y51_UYRnYa4MGteUho;Lisa Salazar;2;2025-03-02;13:45;+1-402-550-6423x195
93;ChIJv_KTOAeh_UYRAh3dCOs8a8k;Robert Miller;9;2025-03-16;12:45;299.868.2449x3386
94;ChIJlYP3Rs91_UYRx5tI0w_JP_U;Sarah Conway;5;2025-03-08;14:15;477-949-2734
95;ChIJ52Inj8cK_UYRuZsSVs3pkNk;Lindsey Carter;2;2025-02-02;12:30;3382842780
96;ChIJXUkwA7hz_UYRtmYVncCTUMk;Lindsey Carter;4;2025-02-27;10:30;(757)583-2639
98;ChIJxbprrO51_UYRMXlk2zEEzz4;Monica Geller;6;2025-02-14;13:15;001-964-561-7735x384
99;ChIJS3bj5fan_UYRYOGwABXgY2w;Joseph Dennis;2;2025-02-10;13:00;823-221-4016
100;ChIJ463WsAN1_UYR4UUF3PQK2iA;Monica Geller;2;2025-02-21;20:00;+1-812-474-7444
101;ChIJS95AjsKh_UYRLfDY-IvSBds;Diamond Mitchell;10;2025-02-01;17:00;7767585162
102;ChIJzbOdNj-h_UYRenUg16akT0c;Jacob Harris;6;2025-03-01;12:00;+1-550-810-5005x96431
103;ChIJzZf1KZcK_UYRT1jcgb8x9h0;Alexandria Dodson;2;2025-03-23;19:00;001-943-450-8708
104;ChIJmVsNoh-h_UYRQ4aevwaXvKg;Steven White;2;2025-03-14;18:45;689-962-9951
105;ChIJZSWg-5AK_UYRKj1rGJSqbmo;Christopher Friedman;2;2025-03-19;11:30;934-733-3094x21890
106;ChIJM6qj63wL_UYRFxTrJsA-v8s;Rebecca Taylor;9;2025-02-09;18:15;+1-410-414-4827x6836
108;ChIJgR9pqgpz_UYRIZrH85VCpQ8;Kevin Ross;6;2025-03-23;19:15;474.275.4792
109;ChIJUU_KFYNz_UYRnLHwI2mC_qg;Rebecca Taylor;3;2025-03-21;14:30;896.502.4754
110;ChIJHeDReHZz_UYRK-57lZZD838;Jacob Wilson;5;2025-03-21;16:45;(764)465-0850
111;ChIJdcJlPyOn_UYRQX-9ME5nqpg;Carol Jennings;3;2025-02-13;12:30;967.749.8789
112;ChIJoRuBrEV1_UYRBcxroJh_Jqw;Jacob Wilson;9;2025-02-05;14:30;(962)386-2017x487
113;ChIJ1TlUK0MB_UYRa0nrSV9GkXg;Lisa Salazar;2;2025-02-28;10:45;605.969.4487
114;ChIJg8dsp35z_UYRYLOEqEkKcew;Justin Chaney;4;2025-02-10;14:00;001-760-328-0581x598
115;ChIJpQYWFrOn_UYRth3RHQqG2Qc;Diamond Mitchell;4;2025-03-19;14:45;629-785-8840
116;ChIJh3MiF-h0_UYRRW3zqj3Ge5U;Paul Brown;2;2025-03-20;18:30;001-917-490-5453
117;ChIJCaNrrWan_UYRtdi7uyzWs-c;Carol Jennings;5;2025-02-10;13:30;001-342-674-7845x30353
118;ChIJqTPVGU0L_UYRihMwev5EzwI;Zachary Miller;4;2025-02-14;13:15;4979072759
119;ChIJC9ym5gOn_UYRezlOfwDoEkU;Emily Arnold;10;2025-02-07;17:15;891-731-3315x10502
120;ChIJF7dc7xxz_UYRoLbLELbsfK8;Emily Arnold;1;2025-02-20;13:15;(829)731-3728x180
121;ChIJE56fNgBz_UYRSpVMDQcrk74;Thomas Wilson;2;2025-03-27;16:45;001-797-957-7658
122;ChIJ92rUaQCj_UYRWijtDiaalgo;Heather Nguyen;5;2025-02-09;17:30;+1-746-531-2932x11583
123;ChIJl1wbtzGn_UYRT5536ym5wZw;Joanna Szych;5;2025-02-19;13:00;884-726-8344x7101
124;ChIJ3dW7yPRz_UYRiSG6day-HBk;Alison Jackson;3;2025-02-20;17:15;297.403.6991x709
125;ChIJg6PXVPx1_UYRbe7dsmzPj3A;Melanie Dalton;6;2025-02-09;11:00;985.645.1060x705
126;ChIJ7fXvSQAL_UYRQicmATSPazk;Samuel Long;2;2025-03-26;14:00;938.465.8004
127;ChIJ97YifNV0_UYRIFFshZSuJhM;Michael Chavez;9;2025-03-24;20:30;843-674-5627
128;ChIJ6ZgQuSsL_UYRK5NoH3Jr0Ok;Richard Hill;6;2025-02-06;20:15;489-701-0518x577
129;ChIJE3IXnnZz_UYRPcfag6ozHPk;Michael Chavez;5;2025-02-14;20:15;001-361-322-5821x922
130;ChIJv4jv5hZz_UYRY5-3p4CHTdw;Joanna Szych;1;2025-02-21;14:45;798.689.6214
131;ChIJ0QpfI7Cn_UYRMuXzCkZk9hA;Rebecca Smith;5;2025-03-10;10:30;+1-539-335-8288x925
132;ChIJLVg2xgKn_UYRP8mwtTyzBZU;Samuel Long;5;2025-03-11;16:45;934-284-9578x85487
133;ChIJRyP1Yylz_UYREhBy1Hwco-o;James Roberts;8;2025-02-02;20:15;210-669-6895x75878
134;ChIJW6lmMfmn_UYRHkE3V-0875s;Christopher Gutierrez;7;2025-03-25;12:15;893.430.0596
135;ChIJjTvbzMJz_UYRDGAN7SEAJsU;Kaitlin Hall;9;2025-02-03;11:30;(797)899-9384x5997
136;ChIJW1RLqApz_UYRKjKiqIOKR6c;Frank Quinn;7;2025-03-24;10:45;001-720-837-6188x8476
137;ChIJ48HwEQCn_UYRmVqYQULc9pM;Frank Quinn;3;2025-02-01;11:30;001-672-418-4860x14988
138;ChIJATx8nzqn_UYRn2imyk2k0Rs;Colton Lloyd;10;2025-02-18;13:15;(355)719-7059x27768
139;ChIJ735SF44K_UYRQmtsTysueoc;Justin Chaney;10;2025-02-13;15:30;+1-832-202-3883x2412
140;ChIJVcgXljun_UYRshspe0JlBoE;Lisa Salazar;9;2025-03-23;11:45;(559)451-1267
141;ChIJs1ekYKah_UYR7gVZsJvLjRk;Joseph Crawford;4;2025-03-24;14:45;380-921-6361
142;ChIJ8_DcBJd0_UYRdT7KEq6b9lM;Crystal Baker;6;2025-02-25;19:15;+1-526-798-3197x86749
143;ChIJo_hIf8B0_UYR5p8PWlJb_wA;Laura Wright;10;2025-03-03;16:30;+1-233-756-5708
144;ChIJpb4YtTGn_UYR-862kad-kVo;Bradley Reynolds;1;2025-03-13;13:00;001-633-623-7551x036
145;ChIJN3fVcaYL_UYRUX0MlouakcY;Lindsey Carter;5;2025-02-05;15:00;420-904-3262
146;ChIJD1MN8ul1_UYRnOuTJpL8sqU;Howard Taylor;10;2025-03-17;14:15;2595730857
147;ChIJ_aStKDKn_UYR6Y3JpO16rx8;Jodi Santiago;5;2025-02-16;15:30;573.665.6840x28589
148;ChIJBTSlGuVz_UYR-NgIIRf9yhg;Rachel Green;6;2025-02-14;10:15;6398479019
149;ChIJccUJG1Z1_UYR0dJZaHAxHZs;Alexandra Jones;3;2025-02-24;14:00;526.580.2898x635
150;ChIJaQuXCiFz_UYRsPgANm6Hg1Q;Lisa Salazar;1;2025-03-05;10:30;8012710208
151;ChIJ5QggoVF1_UYRoFl6TUqDpj8;Lindsay Macdonald;3;2025-02-06;19:00;001-266-615-5685
152;ChIJbwasUl2n_UYR7AYBBWdb6iM;Kathy Rivera;2;2025-02-14;20:15;(253)768-9106x54950
153;ChIJb9ZQrVGh_UYRwhmBFd2UMr8;Mark Morton;4;2025-02-14;14:45;+1-289-854-1927x2801
154;ChIJ12KpjzGn_UYRlgdjWK0uiYg;Rebecca Smith;2;2025-02-12;14:45;614.625.9474x8244
155;ChIJXTr4Y9an_UYRO1DjcjT9zTI;Taylor Weiss;8;2025-03-27;20:30;(202)538-7787
156;ChIJOwLTxYef_UYRSAje2fUKxJk;Jade Reed;7;2025-03-29;18:30;(837)901-2564x465
158;ChIJH5yY6EML_UYRU_f3O5KtYLA;Diamond Mitchell;4;2025-02-15;12:30;376-652-0107x041
159;ChIJJRFLCfyn_UYRMVGUEW49hyQ;Zachary Miller;4;2025-02-25;19:15;345-607-0071x56941
160;ChIJ5xgNQQCh_UYRuGvcNGcJDME;George Armstrong;2;2025-02-01;16:00;962.431.3825x70876
161;ChIJmfrK5Oh0_UYRh72WYMwAGbk;Christina Rodgers;4;2025-02-13;12:30;001-291-545-3252x6209
162;ChIJnwPwpTqn_UYRH6ZTmJi6Ork;Alexandria Dodson;9;2025-02-08;15:15;+1-807-665-6255x54612
163;ChIJD6JReJAK_UYRu34a36MUQuc;Michael Chavez;8;2025-03-21;17:00;616.503.0944x5360
164;ChIJKRXXWTKn_UYRwuYifaIcaGI;Monica Geller;1;2025-02-08;18:00;+1-564-932-3743x40488
165;ChIJYfhVCJIK_UYRC_zJVeeS8jY;Sean Lopez;6;2025-02-08;11:30;253.571.6659
166;ChIJIZ__940K_UYR989YLuqB6SU;Samuel Long;9;2025-02-24;18:30;+1-284-942-4268x30688
168;ChIJXefamROn_UYRFB2QCVCULRk;Paul Brown;5;2025-02-21;14:45;001-749-696-5096x588
169;ChIJJZ9MrhRz_UYRzclmYKxKnSM;Jennifer Bryant;5;2025-02-14;14:45;+1-877-273-5004x67812
170;ChIJ7RhwoCCh_UYR5R32AeEKo9k;Sarah Conway;7;2025-03-20;16:00;607.782.3325x8834
171;ChIJfaufehcL_UYRRBA2zEIU-hU;Gregory Khan;6;2025-02-22;20:30;378-331-4007
172;ChIJd1k90SSn_UYR9TKzDjU1c1Y;Kevin Ross;9;2025-02-04;19:30;+1-487-235-6474x57097
173;ChIJFzGFu59z_UYRSNAvKNt13wk;Andrew Williams;1;2025-02-27;16:45;001-617-346-8005x927
174;ChIJ_1LQKQqn_UYROcriyamaMk8;Erica Ray;10;2025-03-05;11:45;7538688041
175;ChIJ_zy25kin_UYRbH3rn59BP5A;Zachary Miller;5;2025-02-17;16:15;+1-643-565-4194x5034
176;ChIJS8B0bm-h_UYRZO8wDMNAVHI;James Roberts;7;2025-03-27;17:30;(755)561-1739x1845
177;ChIJhYb_0R6h_UYRSIS82YsHra4;Rachel Green;4;2025-03-29;16:00;(915)387-7896x1677
178;ChIJe4chEJEK_UYR02zcoWSXSRs;Jodi Santiago;4;2025-03-22;12:15;546.674.9127x4392
179;ChIJhZ2Es2oL_UYRMKW_CaDIdl4;Lindsay Macdonald;7;2025-03-12;15:00;+1-815-900-7441x425
180;ChIJb-hkVgCn_UYRRBp6lZCUeqc;Amanda Castillo;7;2025-02-20;19:15;+1-575-551-3324
181;ChIJueC1kTGn_UYRXD-tID10QNQ;Melanie Dalton;6;2025-02-10;13:15;859-367-8349
182;ChIJr8dOM55z_UYREEDNRpBLpMs;Mark Morton;6;2025-03-10;10:00;896.222.3827x8569
183;ChIJ8-kT3y-n_UYRkHU_5x4BC0M;Paul Brown;6;2025-02-24;12:45;829-338-0581
184;ChIJ3cHP2wpz_UYRxxhkV-vaVBQ;Zachary Miller;10;2025-03-16;17:45;(383)335-3997
185;ChIJzzEnoySn_UYRHScaEDevEQw;Erica Ray;6;2025-02-07;19:45;842-632-1630
186;ChIJCfyRfaSn_UYRwnzowhzWeV8;Justin Chaney;6;2025-02-15;17:00;(530)630-9438
187;ChIJo_oEY4AK_UYR8R9VVmoO6Cw;Alexandria Dodson;10;2025-02-22;11:30;407-362-7503x23876
188;ChIJOwJfnDGn_UYR_XYufSxzdH8;Mark Brown;8;2025-02-11;11:45;+1-454-228-8071x06247
189;ChIJv9pvBKFz_UYRO0SUVcKggbc;Thomas Allen;2;2025-02-12;10:30;+1-970-802-0816x02108
190;ChIJaVIafsh0_UYR15PfelL9n0A;Bruce Young;1;2025-03-25;11:45;(535)222-6561
191;ChIJVe7X-WYL_UYR51yt6KKglkM;Justin Chaney;3;2025-02-03;19:30;(509)987-8102x862
192;ChIJG5h92wpz_UYRNraUDOP77fo;Laura Wright;1;2025-02-25;11:45;362-550-8707x42868
193;ChIJI7dTMACn_UYRjGxXgLBrvxk;Johnny Chambers;4;2025-03-15;16:30;(553)365-5296
194;ChIJ_QDo_SgL_UYR-NGAiRzZerU;Thomas Allen;1;2025-03-14;10:00;001-555-769-3803
195;ChIJ00hv85YK_UYRjUOGCBBBkqA;Steven White;7;2025-02-05;18:00;861-673-4219x4367
196;ChIJs1nG6gGn_UYRViCTDye9sHA;Lisa Salazar;2;2025-03-27;15:15;666.290.8130x09824
197;ChIJcabIUt-n_UYR-8WcYTS_brg;Matthew Woods;8;2025-03-13;15:30;506-331-2071x993
198;ChIJtZtTPS-n_UYRDVB6Bpbk1Mk;Jodi Santiago;8;2025-02-15;20:45;(525)277-3011
199;ChIJzZuSfoQL_UYRti5HbCR--JY;Lisa Salazar;5;2025-02-02;15:00;001-885-794-4250x14627
200;ChIJhzqMOo4K_UYRbC4yeuQg8uw;Mark Brown;8;2025-02-19;15:15;425.694.0571
201;ChIJRUQylIJ0_UYRk4ByxR1B8zg;Alexandria Dodson;8;2025-02-01;10:30;(842)883-3924
202;ChIJLVcsrean_UYRC5wdoQEoIwM;April Pena;2;2025-02-02;20:15;(756)421-3678x226
203;ChIJWTLz6PEL_UYRHIgRHqufIY8;Carol Jennings;6;2025-03-10;17:30;772-674-7227
204;ChIJdWfLTnl1_UYRadnkN38KapQ;Colton Lloyd;4;2025-02-12;19:15;+1-585-338-0403
205;ChIJEViZB3Zz_UYRtc7Vpy-JIAA;Alison Jackson;4;2025-02-28;12:30;+1-444-467-5922
206;ChIJ0wmI9Y0K_UYRCMygEGApXY4;Dorothy Decker;3;2025-03-27;19:45;(647)673-1286x710
207;ChIJL2FNyOsK_UYRdT8ADPJjl9M;Alexandra Simpson;9;2025-02-24;18:00;539-691-3000x2951
208;ChIJKdkGWTR1_UYRluhLpz-_kDQ;Jacob Wilson;3;2025-02-08;12:00;+1-369-687-4754x1821
209;ChIJW1SHm38K_UYRZJMJblaY6h4;Edwin Gonzalez;7;2025-03-26;14:45;317.681.3903
210;ChIJefF77TKn_UYRHO94iAh0OJ8;Lisa Salazar;7;2025-03-17;11:00;+1-804-526-4708x43661
211;ChIJAy1MfARz_UYRfsrbOPWorn8;Leah Davis;10;2025-03-11;13:45;866-916-1329
212;ChIJeW4fkwSh_UYRvFIvK_tRsiQ;Philip Hill;5;2025-02-14;19:00;977-739-7987
213;ChIJvTFRteWn_UYR_us_D2iLWM0;Alison Jackson;8;2025-03-08;17:00;438-346-3556
214;ChIJDcfiVJ5z_UYRCvHVMUnoUeo;Justin Chaney;1;2025-02-22;14:15;001-225-453-6273x87132
216;ChIJSQlH45AK_UYRvrIq5qBT0M0;Maria Collins;2;2025-03-16;13:30;(834)806-6561x72106
217;ChIJcbbSLACl_UYRK8Qa-08k8B4;Matthew Woods;1;2025-02-19;20:30;554-589-7353x170
218;ChIJ2wz5qp9z_UYRThr2-GxVo5I;Jacob Harris;3;2025-03-15;17:00;4345893519
219;ChIJYzMptpEK_UYRx4VOFIf7-hc;Carol Jennings;5;2025-02-26;11:30;888-396-8737
220;ChIJ5RSSNSSn_UYRy4u9a0xWe5o;Crystal Baker;4;2025-02-01;17:45;639.598.6569
221;ChIJ645e14xz_UYRcDGW1COtGVw;Philip Hill;10;2025-03-11;16:30;001-608-268-1985x4224
222;ChIJCShsOB51_UYRziolZgWzl-g;Victoria Kent;7;2025-02-12;20:30;001-562-719-3598x342
223;ChIJx6Es-aCh_UYRQV66R92AKIA;Jade Reed;5;2025-03-15;16:15;+1-967-445-2408x70328
224;ChIJBXCd3AWn_UYRrP4Mji_YpT0;Christina Bryan;10;2025-02-23;18:45;5744498245
225;ChIJncpdgVkL_UYRVwRoZlnwAwk;Rebecca Smith;10;2025-03-01;20:00;980-944-4536x7612
227;ChIJcXJKL6V1_UYROHJj4FTQfx0;Steven White;1;2025-03-06;20:00;001-319-254-6264x8702
228;ChIJ37I7C5YK_UYRfowohl2h6hU;Emily Arnold;7;2025-03-30;16:45;+1-271-673-2069
229;ChIJ-3Cf_tJ1_UYRP43jW3p9NBc;Andrew Williams;8;2025-03-18;18:15;5224835585
230;ChIJxdmAoIJ1_UYRbdlGcVGe5F4;Matthew Wade;2;2025-03-24;16:15;4776647456
231;ChIJW8v0jman_UYRSXoXwbKAo6M;Rachel Wilson;7;2025-03-21;19:00;352.465.1592x2825
232;ChIJJSxcfAB1_UYRl_YsUaMXxGs;Stacey Miller;5;2025-02-14;12:30;(827)549-3516x0036
233;ChIJ_4M5YR0L_UYR9sS8nf4YgSQ;Lisa Salazar;4;2025-02-13;13:45;001-923-994-7778x89510
234;ChIJ6SYrNnOn_UYRJtSe-gCwGBI;Kaitlin Hall;9;2025-02-11;16:00;996.202.8991
235;ChIJG89RqF2h_UYRWSLpYFNGIvk;George Armstrong;8;2025-02-21;19:45;858.718.1837x1720
236;ChIJmwTkKU2n_UYRxIvld9N02q0;Mark Brown;9;2025-03-30;13:45;537-742-4741x50469
237;ChIJp0GwRAt1_UYRDQLcF3d06XI;Jodi Santiago;1;2025-02-04;12:45;906-352-2976x440
238;ChIJnXgDFQV1_UYROfCSYtvf_oY;Nancy Dorsey;6;2025-02-20;12:45;(955)584-8269
239;ChIJgyvUpVpz_UYRTfUEwp245GE;Amy Brown;3;2025-02-23;12:30;441.237.4114x109
240;ChIJ1X8EkowL_UYRjnrVGy6J3nQ;Crystal Baker;5;2025-03-11;14:45;4858468077
241;ChIJT0RH0Z6g_UYR87f-ohZXlLI;Monica Geller;6;2025-02-19;17:45;(348)742-9370x2120
242;ChIJf2gIRR6l_UYRqDwCFmZSp4Q;Alexandria Dodson;4;2025-02-11;10:45;(528)660-7878
243;ChIJx5AC9pIK_UYRFHUT8pea9y4;Michael Anthony;9;2025-02-21;16:00;4758552441
244;ChIJifj8BKil_UYRsLVk1E_ng6U;Taylor Weiss;4;2025-02-14;11:30;662-273-1569x46124
245;ChIJ8-kT3y-n_UYRps5ndac_QaA;Lindsey Carter;6;2025-03-25;20:15;001-624-353-7845x3876
246;ChIJp94MHI4K_UYRz6FgBfQfvdE;George Armstrong;5;2025-03-25;19:45;342.373.9860x6998
247;ChIJxbWl1MJ1_UYR7i5hI5cOWUo;Melanie Dalton;2;2025-03-24;12:00;3652492664
248;ChIJcb6dL4J1_UYRK1H36JI3KRo;Rebecca Taylor;6;2025-03-17;18:15;8592338899
250;ChIJLai4JZ51_UYRDPAvIvIYD_U;Justin Chaney;8;2025-03-04;20:30;+1-385-403-9756x3227
251;ChIJ6TArDjun_UYRutRjNIbG36c;Joseph Dennis;1;2025-03-15;15:15;+1-578-559-6067x68898
252;ChIJ6bTNStyn_UYRVo9Rjsq6X8A;Sarah Conway;9;2025-02-17;13:15;387.312.5007x160
253;ChIJSYSjuNx0_UYRcPn67-Pua8U;Stacey Miller;9;2025-03-06;16:15;001-484-376-2237x938
254;ChIJlz3C_o0K_UYRXZfaV-rPdiQ;Alexandria Dodson;10;2025-03-26;15:30;+1-731-622-1861x33366
255;ChIJK2dQXZug_UYRQ-_kNDcbYIU;Christopher Gutierrez;2;2025-02-03;12:30;+1-796-512-5615x245
256;ChIJYw7PsSSn_UYR8Wt8olWwVoU;Maria Collins;9;2025-02-02;10:30;+1-821-928-2701x45941
258;ChIJLRSbXzin_UYR5LReOxdBtIU;Joseph Dennis;3;2025-03-29;17:45;+1-547-540-5118x372
260;ChIJW9wH5jOn_UYREGZMhI_iP6U;Kevin Jones;9;2025-03-29;14:45;(577)234-6551
261;ChIJ4bMdaVRz_UYRdGmW1zmDUto;Maria Collins;6;2025-03-12;12:30;(526)647-6033x61917
262;ChIJnTFAEzCn_UYR_jjxray_vmQ;Paul Brown;5;2025-02-04;14:30;661-918-7348x852
263;ChIJYeAtgpIK_UYRkyG7sv5AJ2Y;Lisa Salazar;3;2025-03-01;12:45;001-547-804-1566x7547
264;ChIJR8ltiECn_UYRa7A4Mk6K1dU;James Roberts;5;2025-03-11;11:00;001-883-390-7457x51561
265;ChIJK1q8HAB1_UYR_7Muki76MzY;Joseph Crawford;5;2025-03-09;19:00;+1-655-619-6519x441
266;ChIJpwBPgnZ1_UYRW8n5z5yMRlY;Jodi Santiago;1;2025-02-13;18:45;001-485-336-3726x08649
267;ChIJ5ZKqvJML_UYRov-Mhn4ZgoI;April Pena;4;2025-03-07;16:30;(408)680-4967x70484
268;ChIJ53AvNop0_UYRa53FMSRinZI;Jennifer Bryant;6;2025-02-15;20:45;(859)488-8226x173
269;ChIJ85qJPtV1_UYRom72j685-28;Johnny Chambers;6;2025-03-16;17:15;569-385-9258x9373
270;ChIJISGsDGt1_UYRH4Pe1JM_NlU;Gregory Khan;6;2025-03-20;11:30;001-935-700-9791x4134
271;ChIJ8TdsDmoL_UYRE316hn4VcYY;Emily Arnold;5;2025-03-29;14:30;701-596-3545x410
272;ChIJF0p7ZqWn_UYRwdPmAb-rouE;Dorothy Decker;4;2025-02-21;11:00;737.429.6354
273;ChIJLTBFZVan_UYRsU7eUE4XmmA;Kevin Ross;2;2025-03-04;10:00;2547768203
274;ChIJvxdAOXd1_UYR-hzHF8QQ7eg;Lindsey Carter;10;2025-03-15;20:15;001-248-299-6612
275;ChIJa11uTCAL_UYRSxxxiw9mEWI;Amy Brown;4;2025-03-04;19:00;+1-221-616-6058x608
276;ChIJWZdPx2Vz_UYR-R-x5Qfx_s4;Colton Lloyd;1;2025-02-14;17:45;+1-206-309-4556x99284
277;ChIJU0R9dJCn_UYR2RUow9ZYKr0;Matthew Wade;5;2025-03-30;12:30;404-755-9276x5424
278;ChIJ7ZaTw5EK_UYRO3MOsVS1e_0;Carol Jennings;5;2025-02-27;14:00;334.855.6448x344
279;ChIJxZgXuCuh_UYRXrGeVk7yKMc;Rebecca Smith;2;2025-03-17;10:30;(758)839-9085x8690
280;ChIJ3wv4m691_UYRMF7XZ3n62wg;Amy Brown;2;2025-02-17;13:00;338.333.7800
281;ChIJ2_nQun11_UYRSurD1dOvWoQ;Bradley Reynolds;6;2025-02-10;10:30;326-746-7355x4425
282;ChIJK4PtjPun_UYRRYuECz2jxWk;Thomas Allen;10;2025-02-19;20:45;760-877-2753x0801
283;ChIJvybH-5IK_UYRfeQa5nqUcfA;Alexandra Jones;2;2025-02-16;14:15;001-711-866-7035
284;ChIJR_4eirUL_UYRCEVs1GUPXdY;Brian Gibson;3;2025-03-14;15:30;001-733-646-0832x85315
285;ChIJoypSPaFz_UYRe_809t6YJOQ;Rachel Wilson;3;2025-03-07;18:15;710.439.5120
286;ChIJOwSt0BCn_UYRaX4pwWzfdTE;Thomas Allen;8;2025-02-05;12:30;+1-737-924-8447x25329
287;ChIJYQc7flp1_UYRlAGsWHS4T44;Kevin Jones;5;2025-03-04;11:45;8627805059
288;ChIJA-80xCCl_UYRO3nCtq476W4;Kathy Rivera;1;2025-03-19;11:15;+1-507-954-2486x7806
289;ChIJUQB_Faah_UYRGVSBuYdIMgY;Michael Anthony;5;2025-03-01;18:45;747.615.6660x042
290;ChIJk6rtQKR1_UYRRDZJz_pc7iY;Taylor Weiss;3;2025-02-10;12:00;(288)636-0941x95244
291;ChIJiUFLSV11_UYRNSX1hpA-HWY;Michael Chavez;9;2025-03-02;16:15;801-286-2207
292;ChIJV_e3zJ9z_UYRpYzNYZjZjFU;Emily Arnold;4;2025-03-09;14:30;704.904.2988x287
293;ChIJl4jAawB1_UYRQV2kunhGEZs;Robert Miller;6;2025-02-03;18:15;+1-589-716-6958x67278
294;ChIJk5aFr5UK_UYRgzWXf2Xn1tw;Rachel Wilson;9;2025-02-02;17:00;958.612.6740x79273
295;ChIJbVK7kiSn_UYRIv2xNPTcNO8;Austin Bell;3;2025-03-25;12:30;001-494-301-5316x97261
296;ChIJCbpmK1V1_UYReOcvIWIzvSU;Matthew Woods;9;2025-03-30;18:15;001-263-828-7381x7441
297;ChIJSa3R0_1z_UYR226xgjKdlU0;Kelli Gonzalez;1;2025-02-13;18:00;744.979.7319
298;ChIJI4fVJ9cK_UYRFFPbdBi5YMQ;Stacey Miller;3;2025-03-12;11:15;312-209-2066x53716
299;ChIJh3IqNQ91_UYRonYLCCXI_YQ;Heather Nguyen;8;2025-03-07;15:15;965.233.3026x040
300;ChIJ8R1cEg11_UYRDv9UPvUhLCQ;Paul Brown;6;2025-03-07;20:00;+1-911-972-0064x066
301;ChIJT5I4NpMK_UYRgrylszzJjtc;Lisa Salazar;7;2025-02-09;15:00;+1-550-939-5378x6593
302;ChIJ49xztIAL_UYRhqH2PRMJqjc;April Pena;2;2025-02-14;14:30;(889)361-2166x23682
303;ChIJsc4Fu2Wn_UYR3TgoG1K1Da0;Laura Wright;5;2025-02-11;16:00;602-670-9106
304;ChIJ51JwIoF1_UYRWGO9QVnTFrQ;Michael Chavez;6;2025-03-23;10:00;001-738-941-8766x624
305;ChIJSUH9wpWg_UYRaFSxKt3BDFE;Kelli Gonzalez;8;2025-03-22;15:45;252-960-1405
306;ChIJacEg4I0K_UYRsiFqEaoSiI0;George Armstrong;2;2025-03-02;20:00;5218475343
307;ChIJG-V7VSSn_UYRU9lNRyeMaKs;Rachel Wilson;2;2025-03-26;13:30;+1-403-731-8719
308;ChIJu6picjmn_UYR413GLvRgtes;April Pena;4;2025-03-11;10:45;404.556.5319x09665
309;ChIJ90grTyOn_UYRYV0USPJmPq4;Alexandra Simpson;3;2025-03-08;15:45;(604)833-4186x10139
310;ChIJiz-Xp59z_UYRaY09KwqtzMs;Kelli Gonzalez;2;2025-03-20;14:45;886-299-5304
311;ChIJ4adcXmyn_UYRF8HwVIPrnHE;Jennifer Bryant;8;2025-03-20;12:30;(748)886-0862x67842
312;ChIJi3xO5pEK_UYRi7WRTEcz268;Richard Conrad;5;2025-02-03;13:45;299-576-6846x51137
313;ChIJe60-YKgL_UYR0ex0DT-yueU;Lisa Salazar;4;2025-02-06;12:15;(822)348-4185x9214
314;ChIJvW-Ek8B1_UYR6pN6y7EJQ4M;Robert Miller;1;2025-03-24;19:45;001-655-333-0141x9416
315;ChIJf3VHdkhz_UYRb85uLPt9Avg;Edwin Gonzalez;2;2025-02-27;12:00;(925)476-5462x78912
316;ChIJ85Ne-5AK_UYRiexo_-nnSh8;Mark Morton;9;2025-03-30;10:45;437.393.0129x850
317;ChIJ07w_7sZ1_UYRJhfK1gDFuW4;Dorothy Decker;6;2025-03-05;12:15;985-324-6235
318;ChIJK1KiT6sL_UYRg69JJLPhIwk;Crystal Baker;8;2025-02-16;11:15;+1-361-573-0907x78118
319;ChIJQwLtSyEL_UYRu_qtN6mrhiE;Steven White;2;2025-02-23;13:00;574-399-8340
321;ChIJ60zWk9un_UYRS9zs1wDjUkw;Christina Bryan;4;2025-02-15;10:45;302.917.9832
322;ChIJkZ194oOn_UYR6kT5tDaIlP4;Samuel Long;7;2025-02-12;10:45;001-714-256-9027x51956
323;ChIJwzKEOpUK_UYRM1QDyu-wtc8;Matthew Wade;5;2025-02-02;16:30;6722411970
324;ChIJtVrtnoGn_UYRkmgGJQV3vZQ;Brian Gibson;1;2025-03-01;16:45;644.356.7219x31530
325;ChIJh9tHDDCn_UYRSfQJFO84Wlw;Jodi Santiago;9;2025-02-11;20:45;921.911.5615x14428
326;ChIJ9e911dVz_UYR575GHjN4QhY;Jodi Santiago;2;2025-03-18;14:00;001-717-901-0889x646
327;ChIJyZSvMdBz_UYRnZsvtcO4CGE;Richard Hill;2;2025-02-25;12:00;771-645-9416
328;ChIJaS4rPySn_UYRI4_f33uOaoo;James Roberts;9;2025-03-23;11:45;670.281.2509x55102
329;ChIJbfT5r5QL_UYRh5rSdIdlrbQ;Heather Nguyen;3;2025-03-02;14:15;771-966-9422
330;ChIJSzoKvw8L_UYREPKj1GKdrbo;Melanie Dalton;1;2025-02-15;19:30;618-686-5899
331;ChIJR21-Y0oL_UYRnct9zfFMH9Y;Joseph Crawford;6;2025-03-11;18:30;001-692-754-8424x99412
332;ChIJ2-pAgsp1_UYREMkoTwnoiRo;Taylor Weiss;1;2025-02-02;18:00;001-972-305-5495x6346
333;ChIJfUz7vyJz_UYRV-2CZL883bU;Joseph Crawford;10;2025-02-28;10:00;524.590.8452x6249
334;ChIJRWwb9HZz_UYRHIAOApmzO4c;Austin Bell;1;2025-03-05;17:45;+1-554-915-9067
335;ChIJuczzhBWh_UYRe7y-SAwvAeY;Joseph Dennis;3;2025-03-19;12:45;(876)228-2405x3695
336;ChIJ68RwCh5z_UYRKp8_LBO8fu4;Jennifer Bryant;1;2025-03-06;13:00;873-442-5996x7393
337;ChIJ188fbegK_UYRsRZ5k3FZ_-A;Rachel Green;9;2025-03-05;17:30;+1-801-925-4100x4863
338;ChIJpa9LHDan_UYRrE8VJTmZtFg;Jacob Harris;5;2025-02-19;10:45;299-253-7698x998
339;ChIJZ1nibpIK_UYR1EtyjHHblmY;Ashley Smith;4;2025-02-14;20:30;+1-399-836-9717x84317
340;ChIJNbpCB6Bz_UYRe9NBAKT2V38;Samuel Long;9;2025-03-01;19:45;275.389.6924
341;ChIJjRsBoy91_UYR8bf0UJODJz8;Rachel Green;3;2025-03-24;17:00;001-914-988-0562
342;ChIJy0V-UtF1_UYRAUkwrC67Iwc;Melanie Dalton;4;2025-03-23;11:45;(976)906-3819
343;ChIJp9ReZvAL_UYRh7Sq431INME;Kevin Jones;3;2025-02-18;16:00;+1-951-655-6816x1861
344;ChIJVUrSxA1z_UYRPt6YE4zGtjY;Mark Brown;2;2025-03-10;15:00;001-511-650-5761x58721
345;ChIJxwrrxrAL_UYRgTk96K2MUK0;Michael Anthony;2;2025-02-28;20:30;001-388-736-7195x911
346;ChIJy5XZ2LR1_UYR6M0IO0DTuvY;Alison Jackson;8;2025-03-20;10:00;247-576-3701x98105
347;ChIJHw2zYfGh_UYRAPJ9YNAqC38;Rachel Wilson;5;2025-02-11;19:45;001-537-651-9583x5541
348;ChIJ1w58bQCn_UYRK84scHJ2H5w;Joanna Szych;2;2025-03-02;15:30;(312)824-8109x5296
349;ChIJlXwZBzqh_UYRDfaGWPj5Qjw;Kelli Gonzalez;2;2025-02-27;20:30;5712063168
350;ChIJn3TntDGn_UYRLybq0mTHaJ0;Robert Miller;6;2025-02-04;11:00;701-294-5872x7283
351;ChIJAVOqkTGn_UYRWWQ5mM6TY_M;Nancy Dorsey;9;2025-03-27;15:30;(265)944-0535x2102
352;ChIJYVwG8FkL_UYRODuHSC2ozvM;Mark Morton;8;2025-02-13;17:15;(990)809-2497x5993
353;ChIJ1RQXZGtz_UYR7s7HS0ofYLQ;Samuel Long;2;2025-02-11;13:45;(499)372-9395x02206
354;ChIJJ3FQYGtz_UYRe1aFpCjsNE4;Heather Nguyen;4;2025-02-15;17:45;257.991.2595x5010
355;ChIJnY-4lpqn_UYRfS1ClFCIeBU;Jacob Wilson;2;2025-02-17;15:15;279.574.7495
356;ChIJ1aaDVc51_UYRqs_OT-kFbRk;Bradley Reynolds;8;2025-03-17;13:00;851-512-2475x428
358;ChIJc9riii1z_UYRY1LwezlxTpY;Matthew Woods;3;2025-02-22;13:15;(680)553-9960
360;ChIJFTB_E9R0_UYRlbwtVwE5Occ;April Pena;3;2025-02-21;20:15;936-625-1327x656
361;ChIJceX2dZmg_UYREfR5Dg9YEXw;Thomas Allen;7;2025-03-07;15:00;(298)448-2569
362;ChIJWT6NyQql_UYR2YEyXsr7F50;Colton Lloyd;7;2025-03-28;18:45;001-937-954-9236x86810
363;ChIJ7Ze0FTlz_UYRqTX5BipOWf4;Rebecca Taylor;10;2025-02-06;12:30;6763929736
364;ChIJhb7CPvNz_UYRT3eghNuSSBQ;Heather Nguyen;3;2025-03-23;10:45;342.834.5033
365;ChIJz-QrWlcL_UYRVkLgwQKP6hQ;Carol Jennings;4;2025-02-28;17:00;+1-519-561-8937
366;ChIJvS9OjDNz_UYR8Y9DR6KReFQ;Dorothy Decker;6;2025-03-21;14:30;(250)389-9607x6082
368;ChIJj1qAuIKn_UYRF4Qvu4P3X7Y;Paul Brown;3;2025-03-03;15:00;(587)250-7610x9053
369;ChIJI6EOUqUL_UYR7meBpAQViwM;Brian Gibson;4;2025-02-05;15:30;3326459325
370;ChIJDaOJZLJz_UYRhq97y392BSE;Amanda Castillo;1;2025-03-08;17:45;6168151392
371;ChIJYQmQ0qBz_UYR0c38CABcQBQ;Laura Wright;2;2025-02-22;15:15;(525)510-6049
372;ChIJ-zxRgCV1_UYRwc1w2WONNOo;Erica Ray;7;2025-02-03;11:30;545.309.1089x8587
373;ChIJY2w3Hct1_UYRX_fuJu46q40;Richard Conrad;4;2025-03-14;11:00;001-774-641-7821x8329
375;ChIJv_KTOAeh_UYRAh3dCOs8a8k;Rachel Wilson;2;2025-03-05;11:45;001-869-607-0404x1819
376;ChIJlYP3Rs91_UYRx5tI0w_JP_U;Amanda Castillo;7;2025-03-27;16:00;(750)259-5880
377;ChIJ52Inj8cK_UYRuZsSVs3pkNk;James Roberts;10;2025-03-09;17:00;(522)856-7830
378;ChIJXUkwA7hz_UYRtmYVncCTUMk;Stacey Miller;9;2025-02-12;12:15;689-655-2032x94498
379;ChIJKREd9Zt1_UYR0dhr8SoptTA;Bruce Young;8;2025-03-02;20:45;623-356-4365
380;ChIJxbprrO51_UYRMXlk2zEEzz4;Mark Brown;9;2025-03-05;19:15;5067918911
383;ChIJS95AjsKh_UYRLfDY-IvSBds;Ashley Smith;6;2025-03-23;20:00;(798)652-4718x43903
384;ChIJzbOdNj-h_UYRenUg16akT0c;George Armstrong;7;2025-03-28;11:30;896.674.0179x78278
385;ChIJzZf1KZcK_UYRT1jcgb8x9h0;Dorothy Decker;1;2025-02-15;16:30;(457)977-7093x68532
387;ChIJZSWg-5AK_UYRKj1rGJSqbmo;Christopher Friedman;8;2025-02-28;14:00;(233)718-9656
388;ChIJM6qj63wL_UYRFxTrJsA-v8s;Melanie Dalton;3;2025-03-03;13:15;314.669.2657
389;ChIJb_1MyNB0_UYRrntB3eK-W4E;April Pena;5;2025-03-15;12:00;318-281-5603
390;ChIJgR9pqgpz_UYRIZrH85VCpQ8;Johnny Chambers;3;2025-02-23;12:30;817-222-5646x6791
391;ChIJUU_KFYNz_UYRnLHwI2mC_qg;Lindsey Carter;8;2025-03-04;12:30;713-810-0938x2382
392;ChIJHeDReHZz_UYRK-57lZZD838;Alexandra Simpson;7;2025-03-22;14:30;9412606739
393;ChIJdcJlPyOn_UYRQX-9ME5nqpg;Michael Anthony;3;2025-03-20;15:30;301.849.1260
394;ChIJoRuBrEV1_UYRBcxroJh_Jqw;Heather Nguyen;8;2025-03-13;15:30;+1-327-780-2656x79136
395;ChIJ1TlUK0MB_UYRa0nrSV9GkXg;Bruce Young;1;2025-02-19;11:30;(203)719-3215
396;ChIJg8dsp35z_UYRYLOEqEkKcew;Michael Chavez;8;2025-03-14;16:45;(951)276-4873x77624
397;ChIJpQYWFrOn_UYRth3RHQqG2Qc;Amanda Castillo;1;2025-02-06;18:15;306.475.7221x1628
398;ChIJh3MiF-h0_UYRRW3zqj3Ge5U;Maria Collins;10;2025-03-03;17:45;+1-762-999-3006x02624
399;ChIJCaNrrWan_UYRtdi7uyzWs-c;Jodi Santiago;3;2025-02-10;19:45;(505)589-4838x648
400;ChIJqTPVGU0L_UYRihMwev5EzwI;Erica Ray;4;2025-02-02;12:30;+1-289-777-3585x0668
402;ChIJF7dc7xxz_UYRoLbLELbsfK8;James Roberts;2;2025-02-18;20:15;386-204-9879x2682
403;ChIJE56fNgBz_UYRSpVMDQcrk74;Johnny Chambers;5;2025-03-13;16:45;7236968226
404;ChIJ92rUaQCj_UYRWijtDiaalgo;Laura Wright;6;2025-03-25;17:15;(669)428-9273
405;ChIJl1wbtzGn_UYRT5536ym5wZw;Mark Morton;3;2025-03-12;17:45;869.240.5923
406;ChIJ3dW7yPRz_UYRiSG6day-HBk;Jodi Santiago;4;2025-03-09;19:00;336-946-6962x35709
408;ChIJ7fXvSQAL_UYRQicmATSPazk;Lauren Sutton;8;2025-03-21;18:15;740.906.2718
409;ChIJ97YifNV0_UYRIFFshZSuJhM;Nancy Dorsey;1;2025-03-05;11:30;511.767.0090x6020
410;ChIJ6ZgQuSsL_UYRK5NoH3Jr0Ok;Robert Miller;5;2025-02-12;15:45;001-516-528-3723x476
411;ChIJE3IXnnZz_UYRPcfag6ozHPk;Andrew Williams;5;2025-03-27;19:00;681-714-3766x750
412;ChIJv4jv5hZz_UYRY5-3p4CHTdw;Monica Geller;9;2025-03-18;18:15;6844371432
413;ChIJ0QpfI7Cn_UYRMuXzCkZk9hA;Gregory Khan;1;2025-03-23;15:15;(234)532-6417
414;ChIJLVg2xgKn_UYRP8mwtTyzBZU;Samuel Long;3;2025-02-18;17:45;+1-822-364-2164x21519
415;ChIJRyP1Yylz_UYREhBy1Hwco-o;Joseph Crawford;8;2025-02-26;15:30;001-741-203-6880x9534
416;ChIJW6lmMfmn_UYRHkE3V-0875s;Andrew Williams;10;2025-03-07;17:00;001-859-675-7188
417;ChIJjTvbzMJz_UYRDGAN7SEAJsU;Michael Chavez;10;2025-02-01;15:00;001-952-223-3751
418;ChIJW1RLqApz_UYRKjKiqIOKR6c;Amy Brown;9;2025-03-27;10:15;221.850.4901
419;ChIJ48HwEQCn_UYRmVqYQULc9pM;Ashley Smith;9;2025-02-20;16:00;813-332-4068x22350
420;ChIJATx8nzqn_UYRn2imyk2k0Rs;Amy Brown;5;2025-03-25;17:15;2179870441
421;ChIJ735SF44K_UYRQmtsTysueoc;Richard Hill;8;2025-03-02;13:45;001-337-792-7864x34521
422;ChIJVcgXljun_UYRshspe0JlBoE;Kelli Gonzalez;1;2025-02-01;10:45;(229)560-7216x56574
423;ChIJs1ekYKah_UYR7gVZsJvLjRk;Ashley Smith;3;2025-03-26;14:45;318.492.5849x5823
424;ChIJ8_DcBJd0_UYRdT7KEq6b9lM;Robert Miller;5;2025-02-01;13:00;8596099288
425;ChIJo_hIf8B0_UYR5p8PWlJb_wA;Christina Bryan;8;2025-02-09;13:30;+1-419-544-8697x1320
426;ChIJpb4YtTGn_UYR-862kad-kVo;Lisa Salazar;5;2025-03-07;17:15;(336)802-1199x3027
427;ChIJN3fVcaYL_UYRUX0MlouakcY;Rebecca Smith;3;2025-03-11;16:15;(702)746-1383x414
428;ChIJD1MN8ul1_UYRnOuTJpL8sqU;Justin Chaney;3;2025-03-21;19:45;001-320-524-1689x8714
429;ChIJ_aStKDKn_UYR6Y3JpO16rx8;James Roberts;8;2025-03-22;16:45;001-422-364-1777x22738
431;ChIJccUJG1Z1_UYR0dJZaHAxHZs;Jodi Santiago;2;2025-02-17;17:15;5024424672
432;ChIJaQuXCiFz_UYRsPgANm6Hg1Q;James Roberts;8;2025-02-11;16:00;001-677-750-4123
433;ChIJ5QggoVF1_UYRoFl6TUqDpj8;Emily Arnold;8;2025-03-11;17:15;9302521334
434;ChIJbwasUl2n_UYR7AYBBWdb6iM;Bruce Young;7;2025-03-11;11:45;001-230-849-0159x232
435;ChIJb9ZQrVGh_UYRwhmBFd2UMr8;Carol Jennings;2;2025-03-15;19:00;001-555-694-6959x795
436;ChIJ12KpjzGn_UYRlgdjWK0uiYg;Emily Arnold;4;2025-03-22;13:15;(225)407-2752
437;ChIJXTr4Y9an_UYRO1DjcjT9zTI;Brian Gibson;4;2025-03-07;18:00;980-945-5559
439;ChIJh6SSGlCn_UYRD7IsyDazeho;Austin Bell;10;2025-02-28;17:45;(447)901-8162x33735
440;ChIJH5yY6EML_UYRU_f3O5KtYLA;Alexandria Dodson;4;2025-03-11;14:00;443-474-5241x1925
441;ChIJJRFLCfyn_UYRMVGUEW49hyQ;Rebecca Smith;8;2025-03-20;19:00;+1-949-874-1219
442;ChIJ5xgNQQCh_UYRuGvcNGcJDME;Rebecca Smith;7;2025-03-25;20:45;541.482.2236
443;ChIJmfrK5Oh0_UYRh72WYMwAGbk;Kevin Jones;10;2025-02-10;17:30;784.688.9457x95156
444;ChIJnwPwpTqn_UYRH6ZTmJi6Ork;Brian Gibson;3;2025-03-22;14:15;874-569-5520x53683
445;ChIJD6JReJAK_UYRu34a36MUQuc;Mark Brown;3;2025-03-29;13:30;001-620-242-9948x9764
446;ChIJKRXXWTKn_UYRwuYifaIcaGI;Kelli Gonzalez;1;2025-03-27;19:30;001-673-695-9043
447;ChIJYfhVCJIK_UYRC_zJVeeS8jY;Amanda Castillo;5;2025-03-04;19:45;+1-356-262-3541x25706
448;ChIJIZ__940K_UYR989YLuqB6SU;Kaitlin Hall;8;2025-03-23;12:15;370-576-3411x658
450;ChIJXefamROn_UYRFB2QCVCULRk;Johnny Chambers;10;2025-02-08;10:45;2955538445
451;ChIJJZ9MrhRz_UYRzclmYKxKnSM;Mark Morton;7;2025-02-20;11:15;+1-483-773-8387x9668
452;ChIJ7RhwoCCh_UYR5R32AeEKo9k;Christopher Friedman;8;2025-03-09;14:15;(678)946-4554x1059
453;ChIJfaufehcL_UYRRBA2zEIU-hU;Jacob Harris;10;2025-02-04;10:45;632-598-8511x456
454;ChIJd1k90SSn_UYR9TKzDjU1c1Y;Austin Bell;9;2025-02-02;14:30;+1-935-934-3341x891
455;ChIJFzGFu59z_UYRSNAvKNt13wk;Joanna Szych;10;2025-02-06;16:30;878.968.8957
456;ChIJ_1LQKQqn_UYROcriyamaMk8;Christopher Gutierrez;5;2025-02-11;17:45;529-682-5848x75512
457;ChIJ_zy25kin_UYRbH3rn59BP5A;Matthew Woods;4;2025-03-21;13:15;+1-689-508-7829x496
458;ChIJS8B0bm-h_UYRZO8wDMNAVHI;Kevin Jones;5;2025-03-01;19:45;+1-612-317-0060x816
459;ChIJhYb_0R6h_UYRSIS82YsHra4;Philip Hill;5;2025-02-08;14:45;432-508-0611x9955
460;ChIJe4chEJEK_UYR02zcoWSXSRs;Samuel Long;4;2025-02-16;13:00;568-892-5824x813
461;ChIJhZ2Es2oL_UYRMKW_CaDIdl4;Justin Chaney;3;2025-03-17;11:00;(577)987-1429x7301
462;ChIJb-hkVgCn_UYRRBp6lZCUeqc;Heather Nguyen;7;2025-02-10;16:15;(436)577-5202
463;ChIJueC1kTGn_UYRXD-tID10QNQ;Christopher Gutierrez;6;2025-03-22;20:00;+1-445-673-6389
464;ChIJr8dOM55z_UYREEDNRpBLpMs;Victoria Kent;5;2025-02-15;15:15;+1-365-224-8917x5574
465;ChIJ8-kT3y-n_UYRkHU_5x4BC0M;Bruce Young;2;2025-03-27;16:30;7305457717
466;ChIJ3cHP2wpz_UYRxxhkV-vaVBQ;Dorothy Decker;1;2025-03-29;17:15;795.475.0792
467;ChIJzzEnoySn_UYRHScaEDevEQw;Michael Anthony;6;2025-02-09;19:30;+1-823-884-7296x862
468;ChIJCfyRfaSn_UYRwnzowhzWeV8;Stacey Miller;7;2025-03-13;15:30;442.900.4837x84150
469;ChIJo_oEY4AK_UYR8R9VVmoO6Cw;Christina Rodgers;5;2025-02-26;10:00;690-578-6879
470;ChIJOwJfnDGn_UYR_XYufSxzdH8;Edwin Gonzalez;8;2025-02-17;20:00;957.937.5793
471;ChIJv9pvBKFz_UYRO0SUVcKggbc;Carol Jennings;5;2025-03-22;10:45;214-305-4691
472;ChIJaVIafsh0_UYR15PfelL9n0A;Rachel Green;8;2025-03-01;18:45;001-544-718-0911x841
473;ChIJVe7X-WYL_UYR51yt6KKglkM;Matthew Wade;10;2025-02-25;19:00;214-717-0795x08016
474;ChIJG5h92wpz_UYRNraUDOP77fo;Carol Jennings;7;2025-02-11;17:15;+1-968-289-8958x3809
475;ChIJI7dTMACn_UYRjGxXgLBrvxk;Gregory Khan;2;2025-03-30;10:45;7315701161
476;ChIJ_QDo_SgL_UYR-NGAiRzZerU;Lindsay Macdonald;6;2025-02-22;14:45;957-454-2159
477;ChIJ00hv85YK_UYRjUOGCBBBkqA;Rebecca Smith;7;2025-03-09;17:00;(400)618-9462x70450
478;ChIJs1nG6gGn_UYRViCTDye9sHA;Paul Brown;1;2025-03-08;20:00;+1-898-854-1520x6026
479;ChIJcabIUt-n_UYR-8WcYTS_brg;Zachary Miller;4;2025-03-27;10:30;762-315-0709x4948
480;ChIJtZtTPS-n_UYRDVB6Bpbk1Mk;Johnny Chambers;5;2025-03-10;17:00;391.621.9632x83081
481;ChIJzZuSfoQL_UYRti5HbCR--JY;Richard Hill;10;2025-03-03;12:00;+1-915-917-2769x298
482;ChIJhzqMOo4K_UYRbC4yeuQg8uw;Alison Jackson;9;2025-02-13;15:00;978-498-7311
484;ChIJLVcsrean_UYRC5wdoQEoIwM;Robert Miller;7;2025-02-23;10:45;(735)424-9258x69462
486;ChIJdWfLTnl1_UYRadnkN38KapQ;Crystal Baker;1;2025-03-24;18:00;001-856-276-3777
487;ChIJEViZB3Zz_UYRtc7Vpy-JIAA;Kevin Jones;5;2025-02-20;18:15;839.620.9881x57358
488;ChIJ0wmI9Y0K_UYRCMygEGApXY4;Lisa Salazar;5;2025-02-07;17:00;(998)211-0764
489;ChIJL2FNyOsK_UYRdT8ADPJjl9M;Lindsay Macdonald;7;2025-02-03;19:30;+1-574-623-2175
490;ChIJKdkGWTR1_UYRluhLpz-_kDQ;Robert Miller;6;2025-03-15;15:30;292.644.2013x09722
491;ChIJW1SHm38K_UYRZJMJblaY6h4;Edwin Gonzalez;7;2025-03-11;16:45;620-497-8305x14580
492;ChIJefF77TKn_UYRHO94iAh0OJ8;Christopher Gutierrez;9;2025-02-23;11:30;+1-311-828-0873
493;ChIJAy1MfARz_UYRfsrbOPWorn8;Nancy Dorsey;7;2025-03-26;11:45;371.623.8116x74246
495;ChIJvTFRteWn_UYR_us_D2iLWM0;Kathy Rivera;3;2025-02-10;20:00;(984)689-2989
496;ChIJDcfiVJ5z_UYRCvHVMUnoUeo;Christina Rodgers;2;2025-03-18;17:15;446.222.1378x65685
497;ChIJXTlqQUxz_UYR27HZDEvpfkk;Gregory Khan;10;2025-02-16;19:45;513-711-8118
499;ChIJcbbSLACl_UYRK8Qa-08k8B4;Bruce Young;7;2025-02-07;11:15;7872110583
500;ChIJ2wz5qp9z_UYRThr2-GxVo5I;Crystal Baker;4;2025-03-14;20:45;(551)352-4614x23106
501;ChIJYzMptpEK_UYRx4VOFIf7-hc;Matthew Wade;2;2025-02-03;13:30;(432)876-8383
502;ChIJ5RSSNSSn_UYRy4u9a0xWe5o;Alexandra Simpson;7;2025-02-17;13:15;(863)309-5498
503;ChIJ645e14xz_UYRcDGW1COtGVw;Jacob Wilson;3;2025-02-19;14:15;001-314-691-1966x169
504;ChIJCShsOB51_UYRziolZgWzl-g;Lindsay Macdonald;6;2025-02-16;15:00;(282)845-4857
505;ChIJx6Es-aCh_UYRQV66R92AKIA;Alexandra Simpson;7;2025-03-11;20:45;400.893.0490x42599
506;ChIJBXCd3AWn_UYRrP4Mji_YpT0;Alexandra Jones;2;2025-02-18;10:15;(404)973-3292x314
507;ChIJncpdgVkL_UYRVwRoZlnwAwk;Lauren Sutton;10;2025-02-08;18:15;8553337819
508;ChIJdRPxk0kL_UYRXL-UG2zWwkM;Brian Gibson;2;2025-02-18;17:30;595-795-1214x820
509;ChIJcXJKL6V1_UYROHJj4FTQfx0;Monica Geller;7;2025-02-22;12:15;001-232-528-1522x63713
510;ChIJ37I7C5YK_UYRfowohl2h6hU;Monica Geller;7;2025-03-29;17:30;360.799.4899
511;ChIJ-3Cf_tJ1_UYRP43jW3p9NBc;Diamond Mitchell;10;2025-03-25;17:00;(628)253-4287x24473
512;ChIJxdmAoIJ1_UYRbdlGcVGe5F4;Mark Morton;9;2025-03-05;11:45;(903)775-8507
515;ChIJ_4M5YR0L_UYR9sS8nf4YgSQ;Diamond Mitchell;9;2025-03-05;16:45;(410)793-4851x6416
516;ChIJ6SYrNnOn_UYRJtSe-gCwGBI;Richard Hill;4;2025-02-28;19:15;638.856.8825x675
517;ChIJG89RqF2h_UYRWSLpYFNGIvk;Lindsay Macdonald;6;2025-02-25;12:15;001-415-968-7036x80308
518;ChIJmwTkKU2n_UYRxIvld9N02q0;Kaitlin Hall;5;2025-02-08;20:00;+1-541-925-4185x6579
519;ChIJp0GwRAt1_UYRDQLcF3d06XI;Steven White;6;2025-02-27;13:30;741.930.2804
520;ChIJnXgDFQV1_UYROfCSYtvf_oY;Christina Rodgers;9;2025-03-11;15:15;251-607-0243
521;ChIJgyvUpVpz_UYRTfUEwp245GE;Thomas Allen;2;2025-03-11;12:15;(858)733-2243x526
522;ChIJ1X8EkowL_UYRjnrVGy6J3nQ;Rachel Green;4;2025-03-11;17:00;(856)538-3834
523;ChIJT0RH0Z6g_UYR87f-ohZXlLI;Andrew Williams;3;2025-03-02;12:00;+1-984-234-7416x9347
524;ChIJf2gIRR6l_UYRqDwCFmZSp4Q;Zachary Miller;1;2025-02-07;10:15;665-757-9188
525;ChIJx5AC9pIK_UYRFHUT8pea9y4;Sarah Conway;1;2025-03-27;16:30;835-939-4627x9107
526;ChIJifj8BKil_UYRsLVk1E_ng6U;Monica Geller;4;2025-03-09;13:30;(412)382-5578x39693
527;ChIJ8-kT3y-n_UYRps5ndac_QaA;Joanna Szych;1;2025-03-05;16:45;608-309-3246
528;ChIJp94MHI4K_UYRz6FgBfQfvdE;Joanna Szych;8;2025-02-17;16:15;952.560.1716
529;ChIJxbWl1MJ1_UYR7i5hI5cOWUo;Mark Morton;8;2025-02-24;11:00;001-751-849-2647
530;ChIJcb6dL4J1_UYRK1H36JI3KRo;Paul Brown;10;2025-03-04;20:30;+1-556-666-7518x6731
531;ChIJw5LV4pEK_UYR4MVWMdBuC8k;Maria Collins;7;2025-03-06;17:15;215-680-2127x939
532;ChIJLai4JZ51_UYRDPAvIvIYD_U;Emily Arnold;5;2025-02-25;11:30;898-463-3154
533;ChIJ6TArDjun_UYRutRjNIbG36c;Michael Anthony;6;2025-02-06;11:15;(774)502-0822x9028
534;ChIJ6bTNStyn_UYRVo9Rjsq6X8A;Diamond Mitchell;6;2025-03-06;15:45;001-464-608-8183x4399
535;ChIJSYSjuNx0_UYRcPn67-Pua8U;Joseph Crawford;2;2025-03-29;12:45;556.333.3466
536;ChIJlz3C_o0K_UYRXZfaV-rPdiQ;Gregory Khan;3;2025-03-02;18:30;959-210-2002x9256
537;ChIJK2dQXZug_UYRQ-_kNDcbYIU;Bruce Young;8;2025-02-10;16:45;753.564.9213x3970
538;ChIJYw7PsSSn_UYR8Wt8olWwVoU;Thomas Allen;2;2025-03-16;19:00;332.634.3659
539;ChIJOdtPY6Wn_UYRY_oRQPa5yGo;Austin Bell;9;2025-03-14;17:00;814.613.6407x6170
540;ChIJLRSbXzin_UYR5LReOxdBtIU;Taylor Weiss;5;2025-02-01;20:00;906-375-6521x6635
541;ChIJY4bZdsun_UYR85fukX0-cVE;Colton Lloyd;5;2025-03-01;12:15;994-704-7376
542;ChIJW9wH5jOn_UYREGZMhI_iP6U;Rebecca Smith;3;2025-03-08;16:30;(864)839-1264
543;ChIJ4bMdaVRz_UYRdGmW1zmDUto;Alexandra Simpson;7;2025-02-16;13:15;(617)360-1919
544;ChIJnTFAEzCn_UYR_jjxray_vmQ;Colton Lloyd;2;2025-02-21;10:00;001-436-570-2540x545
545;ChIJYeAtgpIK_UYRkyG7sv5AJ2Y;Crystal Baker;6;2025-02-22;13:30;(944)451-7221
546;ChIJR8ltiECn_UYRa7A4Mk6K1dU;Robert Miller;4;2025-03-26;13:15;+1-890-876-3861x267
547;ChIJK1q8HAB1_UYR_7Muki76MzY;Christopher Friedman;7;2025-02-06;10:00;358.908.1318x28395
548;ChIJpwBPgnZ1_UYRW8n5z5yMRlY;Rebecca Smith;2;2025-02-16;19:45;+1-858-446-6481x77011
549;ChIJ5ZKqvJML_UYRov-Mhn4ZgoI;Justin Chaney;5;2025-02-14;15:30;993-434-0539x6977
550;ChIJ53AvNop0_UYRa53FMSRinZI;Christina Rodgers;6;2025-02-09;19:00;(930)407-2455x106
551;ChIJ85qJPtV1_UYRom72j685-28;Gregory Khan;7;2025-03-10;11:00;731.616.6169
552;ChIJISGsDGt1_UYRH4Pe1JM_NlU;Joseph Crawford;8;2025-03-23;19:15;281.258.5757
553;ChIJ8TdsDmoL_UYRE316hn4VcYY;Edwin Gonzalez;1;2025-03-30;19:45;001-928-819-7458x92585
554;ChIJF0p7ZqWn_UYRwdPmAb-rouE;Joseph Dennis;1;2025-03-12;10:15;256.331.2469
555;ChIJLTBFZVan_UYRsU7eUE4XmmA;Lisa Salazar;5;2025-02-27;13:30;(416)641-8226x80944
556;ChIJvxdAOXd1_UYR-hzHF8QQ7eg;Steven White;9;2025-03-10;11:00;001-409-619-1566
557;ChIJa11uTCAL_UYRSxxxiw9mEWI;James Roberts;5;2025-03-29;16:45;001-320-750-3796x4489
558;ChIJWZdPx2Vz_UYR-R-x5Qfx_s4;Frank Quinn;10;2025-03-02;20:15;242-410-7991
560;ChIJ7ZaTw5EK_UYRO3MOsVS1e_0;Alexandria Dodson;3;2025-02-23;17:45;(667)691-8520
561;ChIJxZgXuCuh_UYRXrGeVk7yKMc;Christina Rodgers;4;2025-02-03;15:00;778.563.2982
562;ChIJ3wv4m691_UYRMF7XZ3n62wg;Philip Hill;5;2025-03-06;20:15;+1-367-216-2225x5626
563;ChIJ2_nQun11_UYRSurD1dOvWoQ;Erica Ray;4;2025-03-24;20:45;(252)998-4661x426
